intensity,voltage
1.0,0.432
0.5,0.410
0.25,0.380
0.125,0.348
0.0625,0.325
0.03125,0.308
0.015625,0.289
0.0078125,0.275