intensity,voltage
1.0,0.384
0.5,0.362
0.25,0.341
0.125,0.306
0.0625,0.289
0.03125,0.264
0.015625,0.245
0.0078125,0.231