intensity,voltage
1.0,0.353
0.5,0.323
0.25,0.306
0.125,0.283
0.0625,0.268
0.03125,0.251
0.015625,0.245
0.0078125,0.236